{"name":"1cc32508-da41-4410-8adf-f525ff75c704","id":"/providers/Microsoft.Flow/flows/1cc32508-da41-4410-8adf-f525ff75c704","type":"Microsoft.Flow/flows","properties":{"apiId":"/providers/Microsoft.PowerApps/apis/shared_logicflows","displayName":"DoraHack0406","definition":{"$schema":"https://schema.management.azure.com/providers/Microsoft.Logic/schemas/2016-06-01/workflowdefinition.json#","contentVersion":"1.0.0.0","parameters":{"$connections":{"defaultValue":{},"type":"Object"},"$authentication":{"defaultValue":{},"type":"SecureObject"}},"triggers":{"manual":{"type":"Request","kind":"Http","inputs":{"schema":{"$schema":"http://json-schema.org/draft-04/schema#","type":"object","properties":{"Temp":{"type":"string"},"sensor":{"type":"boolean"},"id":{"type":"string"}},"required":["Temp","sensor","id"]}}}},"actions":{"Add_a_row_into_a_table":{"runAfter":{},"metadata":{"017D5ESF2RV7A3PVW4QBBK6GRBQW5OGW6W":"/DoraHacks0406Excel.xlsx","flowSystemMetadata":{"swaggerOperationId":"AddRow"}},"type":"ApiConnection","inputs":{"host":{"api":{"runtimeUrl":"https://msmanaged-na.azure-apim.net/apim/excelonlinebusiness"},"connection":{"name":"@parameters('$connections')['shared_excelonlinebusiness']['connectionId']"}},"method":"post","body":{"DeviceID":"@triggerBody()['id']","Temperature":"@{triggerBody()['Temp']}","SensorState":"@{triggerBody()['sensor']}","Time":"@{utcNow()}"},"path":"/codeless/v1.0/drives/@{encodeURIComponent('b!G2wxzX-G-06yHiYilB0BK4pUJZO2FOZHgD66BcxZrlPqe_Ct0-gxRbMS2uZEh3L3')}/items/@{encodeURIComponent('017D5ESF2RV7A3PVW4QBBK6GRBQW5OGW6W')}/workbook/tables/@{encodeURIComponent('1')}/rows","queries":{"source":"me"},"authentication":"@parameters('$authentication')"}},"发布推文":{"runAfter":{"Add_a_row_into_a_table":["Succeeded"]},"metadata":{"flowSystemMetadata":{"swaggerOperationId":"Tweet"}},"type":"ApiConnection","inputs":{"host":{"api":{"runtimeUrl":"https://msmanaged-na.azure-apim.net/apim/twitter"},"connection":{"name":"@parameters('$connections')['shared_twitter']['connectionId']"}},"method":"post","path":"/posttweet","queries":{"tweetText":"DoraHack真棒啊。\n我的小宝贝好像有点发烧了\n设备 ID：@{triggerBody()['id']}\n传感器状态：@{triggerBody()['sensor']}\n温度：@{triggerBody()['Temp']}"},"authentication":"@parameters('$authentication')"}},"发送电子邮件":{"runAfter":{"发布推文":["Succeeded"]},"metadata":{"flowSystemMetadata":{"swaggerOperationId":"SendEmail"}},"type":"ApiConnection","inputs":{"host":{"api":{"runtimeUrl":"https://msmanaged-na.azure-apim.net/apim/office365"},"connection":{"name":"@parameters('$connections')['shared_office365']['connectionId']"}},"method":"post","body":{"To":"lisangyu45@qq.com","Subject":"【重要】Care your baby","Body":"设备ID：@{triggerBody()['id']}\n传感器状态：@{triggerBody()['sensor']}\n温度：@{triggerBody()['Temp']}"},"path":"/Mail","authentication":"@parameters('$authentication')"}},"Send_me_a_mobile_notification":{"runAfter":{"发送电子邮件":["Succeeded"]},"metadata":{"flowSystemMetadata":{"swaggerOperationId":"SendNotification"}},"type":"ApiConnection","inputs":{"host":{"api":{"runtimeUrl":"https://msmanaged-na.azure-apim.net/apim/flowpush"},"connection":{"name":"@parameters('$connections')['shared_flowpush']['connectionId']"}},"method":"post","body":{"notificationText":"设备ID：@{triggerBody()['id']}\n传感器状态：@{triggerBody()['sensor']}\n温度：@{triggerBody()['Temp']}","notificationLink":{"uri":"https://portal.azure.com/#@stdntpartners.onmicrosoft.com/resource/subscriptions/d702925e-2fe3-45b4-89a7-542bc9804980/resourceGroups/NotiSrcGroup/providers/Microsoft.NotificationHubs/namespaces/MyNotiNameSpcae/notificationHubs/MyNoti/testSend","label":"发送通知"}},"path":"/sendNotification","authentication":"@parameters('$authentication')"}},"条件":{"actions":{"Send_an_instant_message_2":{"runAfter":{},"metadata":{"flowSystemMetadata":{"swaggerOperationId":"SendMessage"}},"type":"ApiConnection","inputs":{"host":{"api":{"runtimeUrl":"https://msmanaged-na.azure-apim.net/apim/skypeforbiz"},"connection":{"name":"@parameters('$connections')['shared_skypeforbiz']['connectionId']"}},"method":"post","body":{"To":"Sangyu.Li@studentpartner.com;","Message":"设备ID:@{triggerBody()['id']}\n设备温度：@{triggerBody()['Temp']}","Subject":"要不来看看你的设备？"},"path":"/v1/sendmessage","authentication":"@parameters('$authentication')"}}},"runAfter":{"Add_a_row_into_a_table":["Succeeded"]},"expression":"@equals(triggerBody()['sensor'], FALSE)","type":"If"}},"outputs":{},"description":"ESP8266:\n    temp/id/sensor\nAzure Function:\n    Temp/ID/Sensor"},"connectionReferences":{"shared_excelonlinebusiness":{"connectionName":"shared-excelonlinebu-ad5e604e-49cc-4cb9-aa23-43b17d1d59c7","source":"Embedded","id":"/providers/Microsoft.PowerApps/apis/shared_excelonlinebusiness","tier":"NotSpecified"},"shared_twitter":{"connectionName":"shared-twitter-6cd0b146-bb62-4e59-974e-c7a8e6556105","source":"Embedded","id":"/providers/Microsoft.PowerApps/apis/shared_twitter","tier":"NotSpecified"},"shared_office365":{"connectionName":"shared-office365-e11b83da-84b1-4bd0-a0ec-9a0112556b6e","source":"Embedded","id":"/providers/Microsoft.PowerApps/apis/shared_office365","tier":"NotSpecified"},"shared_flowpush":{"connectionName":"shared-flowpush-b1c93491-3997-41d0-88ec-fa6f5537b11a","source":"Embedded","id":"/providers/Microsoft.PowerApps/apis/shared_flowpush","tier":"NotSpecified"},"shared_skypeforbiz":{"connectionName":"shared-skypeforbiz-1a8b423f-1fb7-4c9a-b859-035e6a2f8ba2","source":"Embedded","id":"/providers/Microsoft.PowerApps/apis/shared_skypeforbiz","tier":"NotSpecified"}},"flowFailureAlertSubscribed":false}}